policy,n,success_rate,success_ci95,expected_success,mean_cost,cost_per_success,mean_latency_s,retry_rate,budget_compliance,utility
adaptive,5400,0.7944444444444444,0.012030569831580776,0.7844780609144989,2.9123633333333334,3.6659118881118884,20.451333333333334,0.08166666666666667,1.0,0.6909583611111111
adaptive_no_recovery,5400,0.7831481481481481,0.011609533441654265,0.7712621178253064,2.8609444444444443,3.6531331283991486,19.983888888888888,0.0,1.0,0.6816487037037038
adaptive_no_decompose,5400,0.7687037037037037,0.009912461942165721,0.7641849165893414,2.8814,3.748388340158998,20.43911111111111,0.0874074074074074,1.0,0.666010037037037
adaptive_no_verify,5400,0.7474074074074074,0.011254879500376529,0.7499579517552621,2.693301111111111,3.603524777006937,18.96488888888889,0.08796296296296297,1.0,0.6516275462962963
adaptive_single_action,5400,0.6814814814814815,0.01466794117041973,0.6823950954970491,1.8507159259259258,2.715724456521739,12.676074074074075,0.03944444444444444,1.0,0.6161994722222223
